id,description,hotel
1,Celine,1
2,Charline,2
3,Newton,3
4,Merline,4
5,Sophi,5
6,Donalt,6
7,Afton,7
8,Javier,8
9,Windy,9
10,Andreas,10
11,Birgitta,11
12,Rooney,12
13,Northrup,13
14,Sander,14
15,Lisette,15
16,Lesley,16
17,Neel,17
18,Rosamund,18
19,Gypsy,19
20,Eustacia,20
21,Maxy,21
22,Martica,22
23,Ermin,23
24,Gregor,24
25,Bogey,25
26,Michele,26
27,Dolly,27
28,Carrie,28
29,Alwyn,29
30,Karmen,30
31,Laure,31
32,Laurent,32
33,Chandler,33
34,Giustina,34
35,Caril,35
36,Lorrin,36
37,Caitlin,37
38,Barnabas,38
39,Selia,39
40,Adelaide,40
41,Gordie,41
42,Ketty,42
43,Clemence,43
44,Reinhold,44
45,Cristin,45
46,Ruddy,46
47,Ban,47
48,Garland,48
49,Jessie,49
50,Katharina,50
51,Greer,51
52,Linnet,52
53,Carmine,53
54,Yul,54
55,Willow,55
56,Fernanda,56
57,Obidiah,57
58,Angelique,58
59,Guillermo,59
60,Evelyn,60
61,Ker,61
62,Florence,62
63,Franklyn,63
64,Ruprecht,64
65,Margot,65
66,Travers,66
67,Amalee,67
68,Gretchen,68
69,Roxanna,69
70,Krispin,70
71,Alanson,71
72,Jillene,72
73,Netti,73
74,Hunt,74
75,Ashlin,75
76,Erika,76
77,Torrin,77
78,Johanna,78
79,Glen,79
80,Nichole,80
81,Barry,81
82,Salim,82
83,Nannie,83
84,Dew,84
85,Geoff,85
86,Augy,86
87,Karyl,87